{"lastInput":{"dependencies":["meteor-base","mobile-experience","mongo","blaze-html-templates","reactive-var","jquery","tracker","standard-minifier-js","es5-shim","ecmascript","shell-server","autopublish","insecure","fourseven:scss","accounts-ui","iron:router","seba:minifiers-autoprefixer","accounts-password","accounts-facebook","accounts-google","accounts-twitter","useraccounts:unstyled","useraccounts:iron-routing"],"constraints":["meteor-base","mobile-experience","mongo","blaze-html-templates","reactive-var","jquery","tracker","standard-minifier-js","es5-shim","ecmascript","shell-server","autopublish","insecure","fourseven:scss","accounts-ui","iron:router","seba:minifiers-autoprefixer","accounts-password","accounts-facebook","accounts-google","accounts-twitter","useraccounts:unstyled","useraccounts:iron-routing"],"previousSolution":{"accounts-base":"1.2.11","accounts-facebook":"1.0.10","accounts-google":"1.0.10","accounts-oauth":"1.1.13","accounts-password":"1.3.0","accounts-twitter":"1.0.10","accounts-ui":"1.1.9","accounts-ui-unstyled":"1.1.12","allow-deny":"1.0.5","autopublish":"1.0.7","autoupdate":"1.2.11","babel-compiler":"6.9.1","babel-runtime":"0.1.11","base64":"1.0.9","binary-heap":"1.0.9","blaze":"2.1.9","blaze-html-templates":"1.0.5","blaze-tools":"1.0.10","boilerplate-generator":"1.0.10","caching-compiler":"1.1.7","caching-html-compiler":"1.0.7","callback-hook":"1.0.9","check":"1.2.3","coffeescript":"1.0.17","ddp":"1.2.5","ddp-client":"1.2.9","ddp-common":"1.2.6","ddp-rate-limiter":"1.0.5","ddp-server":"1.2.10","deps":"1.0.12","diff-sequence":"1.0.6","ecmascript":"0.5.8","ecmascript-runtime":"0.3.14","ejson":"1.0.12","email":"1.1.17","es5-shim":"4.6.14","facebook":"1.2.8","fastclick":"1.0.12","fourseven:scss":"3.10.0","geojson-utils":"1.0.9","google":"1.1.13","hot-code-push":"1.0.4","html-tools":"1.0.11","htmljs":"1.0.11","http":"1.1.8","id-map":"1.0.8","insecure":"1.0.7","iron:controller":"1.0.12","iron:core":"1.0.11","iron:dynamic-template":"1.0.12","iron:layout":"1.0.12","iron:location":"1.0.11","iron:middleware-stack":"1.1.0","iron:router":"1.0.13","iron:url":"1.0.11","jquery":"1.11.9","launch-screen":"1.0.12","less":"2.6.5","livedata":"1.0.18","localstorage":"1.0.11","logging":"1.1.15","meteor":"1.2.17","meteor-base":"1.0.4","minifier-css":"1.1.13","minifier-js":"1.2.14","minimongo":"1.0.17","mobile-experience":"1.0.4","mobile-status-bar":"1.0.12","modules":"0.7.6","modules-runtime":"0.7.6","mongo":"1.1.12","mongo-id":"1.0.5","npm-bcrypt":"0.9.1","npm-mongo":"1.5.49","oauth":"1.1.11","oauth1":"1.1.10","oauth2":"1.1.10","observe-sequence":"1.0.12","ordered-dict":"1.0.8","promise":"0.8.7","random":"1.0.10","rate-limit":"1.0.5","reactive-dict":"1.1.8","reactive-var":"1.0.10","reload":"1.1.10","retry":"1.0.8","routepolicy":"1.0.11","seba:minifiers-autoprefixer":"1.0.1","service-configuration":"1.0.10","session":"1.1.6","sha":"1.0.8","shell-server":"0.2.1","softwarerero:accounts-t9n":"1.3.5","spacebars":"1.0.13","spacebars-compiler":"1.0.13","srp":"1.0.9","standard-minifier-js":"1.2.0","templating":"1.2.15","templating-compiler":"1.2.15","templating-runtime":"1.2.15","templating-tools":"1.0.5","tracker":"1.1.0","twitter":"1.1.11","ui":"1.0.12","underscore":"1.0.9","url":"1.0.10","useraccounts:core":"1.14.2","useraccounts:iron-routing":"1.14.2","useraccounts:unstyled":"1.14.2","webapp":"1.3.11","webapp-hashing":"1.0.9"}},"lastOutput":{"neededToUseUnanticipatedPrereleases":false,"answer":{"accounts-base":"1.2.11","accounts-facebook":"1.0.10","accounts-google":"1.0.10","accounts-oauth":"1.1.13","accounts-password":"1.3.0","accounts-twitter":"1.0.10","accounts-ui":"1.1.9","accounts-ui-unstyled":"1.1.12","allow-deny":"1.0.5","autopublish":"1.0.7","autoupdate":"1.2.11","babel-compiler":"6.9.1","babel-runtime":"0.1.11","base64":"1.0.9","binary-heap":"1.0.9","blaze":"2.1.9","blaze-html-templates":"1.0.5","blaze-tools":"1.0.10","boilerplate-generator":"1.0.10","caching-compiler":"1.1.7","caching-html-compiler":"1.0.7","callback-hook":"1.0.9","check":"1.2.3","coffeescript":"1.0.17","ddp":"1.2.5","ddp-client":"1.2.9","ddp-common":"1.2.6","ddp-rate-limiter":"1.0.5","ddp-server":"1.2.10","deps":"1.0.12","diff-sequence":"1.0.6","ecmascript":"0.5.8","ecmascript-runtime":"0.3.14","ejson":"1.0.12","email":"1.1.17","es5-shim":"4.6.14","facebook":"1.2.8","fastclick":"1.0.12","fourseven:scss":"3.10.0","geojson-utils":"1.0.9","google":"1.1.13","hot-code-push":"1.0.4","html-tools":"1.0.11","htmljs":"1.0.11","http":"1.1.8","id-map":"1.0.8","insecure":"1.0.7","iron:controller":"1.0.12","iron:core":"1.0.11","iron:dynamic-template":"1.0.12","iron:layout":"1.0.12","iron:location":"1.0.11","iron:middleware-stack":"1.1.0","iron:router":"1.0.13","iron:url":"1.0.11","isobuild:compiler-plugin":"1.0.0","isobuild:isopack-2":"1.0.0","isobuild:minifier-plugin":"1.0.0","jquery":"1.11.9","launch-screen":"1.0.12","less":"2.6.5","livedata":"1.0.18","localstorage":"1.0.11","logging":"1.1.15","meteor":"1.2.17","meteor-base":"1.0.4","minifier-css":"1.1.13","minifier-js":"1.2.14","minimongo":"1.0.17","mobile-experience":"1.0.4","mobile-status-bar":"1.0.12","modules":"0.7.6","modules-runtime":"0.7.6","mongo":"1.1.12","mongo-id":"1.0.5","npm-bcrypt":"0.9.1","npm-mongo":"1.5.49","oauth":"1.1.11","oauth1":"1.1.10","oauth2":"1.1.10","observe-sequence":"1.0.12","ordered-dict":"1.0.8","promise":"0.8.7","random":"1.0.10","rate-limit":"1.0.5","reactive-dict":"1.1.8","reactive-var":"1.0.10","reload":"1.1.10","retry":"1.0.8","routepolicy":"1.0.11","seba:minifiers-autoprefixer":"1.0.1","service-configuration":"1.0.10","session":"1.1.6","sha":"1.0.8","shell-server":"0.2.1","softwarerero:accounts-t9n":"1.3.5","spacebars":"1.0.13","spacebars-compiler":"1.0.13","srp":"1.0.9","standard-minifier-js":"1.2.0","templating":"1.2.15","templating-compiler":"1.2.15","templating-runtime":"1.2.15","templating-tools":"1.0.5","tracker":"1.1.0","twitter":"1.1.11","ui":"1.0.12","underscore":"1.0.9","url":"1.0.10","useraccounts:core":"1.14.2","useraccounts:iron-routing":"1.14.2","useraccounts:unstyled":"1.14.2","webapp":"1.3.11","webapp-hashing":"1.0.9"}}}
