{"metadata":{"usedHelpers":[],"marked":[],"modules":{"imports":[{"source":"meteor/meteor","imported":["Meteor"],"specifiers":[{"kind":"named","imported":"Meteor","local":"Meteor"}]}],"exports":{"exported":[],"specifiers":[]}}},"options":{"filename":"/server/main.js","filenameRelative":"/server/main.js","env":{},"retainLines":false,"highlightCode":true,"suppressDeprecationMessages":false,"presets":[],"plugins":[[[],{"polyfill":false}],[[],null],[[],null],[[],null],[[],null],[[],null],[[],null],[[],null],[[],null],[[],null],[[],null],[[],null],[[],null],[[],null],[[],{"loose":true}],[[],{"loose":true}],[[],null],[[],{"loose":true}],[[],null],[[],null],[[],null],[[],null],[[],null],[[],null],[[],null],[[],{"loose":true}],[[],null],[[],null],[[],null],[[],null],[[],null],[[],null],[[],null],[[],null]],"ignore":[],"code":true,"metadata":true,"ast":false,"comments":true,"compact":false,"minified":false,"sourceMap":true,"sourceMaps":true,"sourceMapTarget":"/server/main.js.map","sourceFileName":"/server/main.js","babelrc":false,"sourceType":"module","moduleIds":false,"passPerPreset":false,"basename":"main"},"ignored":false,"code":"var Meteor;module.import('meteor/meteor',{\"Meteor\":function(v){Meteor=v}});\n\nAccounts.onCreateUser(function (options, user) {\n  console.log('options', options);\n  console.log('user', user);\n  return user;\n});\n\nMeteor.startup(function () {\n  parts = [{\n    amazonUrl: 'https://www.amazon.com/Intel-BX80662G3900-Pentium-G3900-Processor/dp/B01B2PJRPA',\n    name: 'Intel Celeron G3900 2.8GHz Dual-Core Processor',\n    type: 'cpu',\n    price: 42.18\n  }, {\n    amazonUrl: 'https://www.amazon.com/M-2-LGA1151-MicroATX-Motherboard-Motherboards/dp/B01H5YC9BQ/ref=sr_1_1?ie=UTF8&qid=1477329759&sr=8-1&keywords=Asus+H110M-A%2FM.2+Micro+ATX+LGA1151+Motherboard',\n    name: 'Asus H110M-A/M.2 Micro ATX LGA1151 Motherboard',\n    type: 'motherboard',\n    price: 55.99\n  }, {\n    amazonUrl: 'https://www.amazon.com/G-SKILL-PC4-17000-2133MHz-Platform-F4-2133C15S-8GNT/dp/B015FY325A/ref=sr_1_fkmr0_1?ie=UTF8&qid=1477331123&sr=8-1-fkmr0&keywords=G.Skill+NT+Series+8GB+%281+x+8GB%29+DDR4-2400+Memory',\n    name: 'G.Skill NT Series 8GB (1 x 8GB) DDR4-2400 Memory',\n    type: 'memory',\n    price: 50.40\n  }, {\n    amazonUrl: 'https://www.amazon.com/Hitachi-Ultrastar-A7K1000-3-5-Inch-HUA721050KLA330/dp/B0013E3PEU',\n    name: 'Hitachi Ultrastar 500GB 3.5\" 7200RPM Internal Hard Drive',\n    type: 'storage',\n    price: 34.50\n  }, {\n    amazonUrl: 'https://www.amazon.com/Rosewill-MicroATX-Tower-Computer-FBM-02/dp/B009NJAE4Q/ref=sr_1_1?ie=UTF8&qid=1477330940&sr=8-1&keywords=Rosewill+FBM-02+MicroATX+Mini+Tower+Case',\n    name: 'Rosewill FBM-02 MicroATX Mini Tower Case',\n    type: 'case',\n    price: 29.01\n  }, {\n    amazonUrl: 'https://www.amazon.com/EVGA-WHITE-Warranty-Supply-100-W1-0430-KR/dp/B00H33SDR4/ref=sr_1_1?ie=UTF8&qid=1477331034&sr=8-1&keywords=EVGA+430W+80%2B+Certified+ATX+Power+Supply',\n    name: 'EVGA 430W 80+ Certified ATX Power Supply',\n    type: 'psu',\n    price: 29.85\n  }, {\n    amazonUrl: 'https://www.amazon.com/Intel-Pentium-Processor-FC-LGA14C-BX80662G4500/dp/B015VPX190/ref=sr_1_1?ie=UTF8&qid=1477332787&sr=8-1&keywords=Intel+Pentium+G4500+3.5GHz+Dual-Core+Processor',\n    name: 'Intel Pentium G4500 3.5GHz Dual-Core Processor',\n    type: 'cpu',\n    price: 76.40\n  }, {\n    amazonUrl: 'https://www.amazon.com/Toshiba-OCZ-Trion-Internal-TRN150-25SAT3-480G/dp/B01B4NUKME/ref=sr_1_1?ie=UTF8&qid=1477332835&sr=8-1&keywords=OCZ+TRION+150+480GB+2.5%22+Solid+State+Drive',\n    name: 'OCZ TRION 150 480GB 2.5\" Solid State Drive',\n    type: 'storage',\n    price: 114.68\n  }];\n\n  parts.forEach(function (part, i) {\n    if (!Parts.findOne({ name: part.name })) {\n      Parts.insert(part);\n    }\n  });\n\n  builds = [{\n    cost: 0,\n    imageUrl: 'https://images-na.ssl-images-amazon.com/images/I/31y8B2r6IAL._SX300_.jpg',\n    parts: {\n      cpu: Parts.findOne({ name: 'Intel Celeron G3900 2.8GHz Dual-Core Processor' }),\n      motherboard: Parts.findOne({ name: 'Asus H110M-A/M.2 Micro ATX LGA1151 Motherboard' }),\n      memory: Parts.findOne({ name: 'G.Skill NT Series 8GB (1 x 8GB) DDR4-2400 Memory' }),\n      storage: Parts.findOne({ name: 'Hitachi Ultrastar 500GB 3.5\" 7200RPM Internal Hard Drive' }),\n      'case': Parts.findOne({ name: 'Rosewill FBM-02 MicroATX Mini Tower Case' }),\n      psu: Parts.findOne({ name: 'EVGA 430W 80+ Certified ATX Power Supply' })\n    }\n  }, {\n    cost: 350,\n    imageUrl: 'https://images-na.ssl-images-amazon.com/images/I/31y8B2r6IAL._SX300_.jpg',\n    parts: {\n      cpu: Parts.findOne({ name: 'Intel Pentium G4500 3.5GHz Dual-Core Processor' }),\n      motherboard: Parts.findOne({ name: 'Asus H110M-A/M.2 Micro ATX LGA1151 Motherboard' }),\n      memory: Parts.findOne({ name: 'G.Skill NT Series 8GB (1 x 8GB) DDR4-2400 Memory' }),\n      storage: Parts.findOne({ name: 'OCZ TRION 150 480GB 2.5\" Solid State Drive' }),\n      'case': Parts.findOne({ name: 'Rosewill FBM-02 MicroATX Mini Tower Case' }),\n      psu: Parts.findOne({ name: 'EVGA 430W 80+ Certified ATX Power Supply' })\n    }\n  }];\n\n  builds.forEach(function (build, i) {\n    if (!Builds.findOne({ cost: build.cost })) {\n      Builds.insert(build);\n    }\n  });\n});","ast":null,"map":{"version":3,"sources":["/server/main.js"],"names":[],"mappings":"AAAA,SAAS,MAAT,QAAuB,eAAvB;;AAEA,SAAS,YAAT,CAAsB,UAAS,OAAT,EAAkB,IAAlB,EAAwB;AAC5C,UAAQ,GAAR,CAAY,SAAZ,EAAuB,OAAvB;AACA,UAAQ,GAAR,CAAY,MAAZ,EAAoB,IAApB;AACA,SAAO,IAAP;AACD,CAJD;;AAMA,OAAO,OAAP,CAAe,YAAM;AACnB,UAAQ,CACN;AACE,eAAW,iFADb;AAEE,UAAM,gDAFR;AAGE,UAAM,KAHR;AAIE,WAAO;AAJT,GADM,EAON;AACE,eAAW,uLADb;AAEE,UAAM,gDAFR;AAGE,UAAM,aAHR;AAIE,WAAO;AAJT,GAPM,EAaN;AACE,eAAW,6MADb;AAEE,UAAM,kDAFR;AAGE,UAAM,QAHR;AAIE,WAAO;AAJT,GAbM,EAmBN;AACE,eAAW,yFADb;AAEE,UAAM,0DAFR;AAGE,UAAM,SAHR;AAIE,WAAO;AAJT,GAnBM,EAyBN;AACE,eAAW,yKADb;AAEE,UAAM,0CAFR;AAGE,UAAM,MAHR;AAIE,WAAO;AAJT,GAzBM,EA+BN;AACE,eAAW,6KADb;AAEE,UAAM,0CAFR;AAGE,UAAM,KAHR;AAIE,WAAO;AAJT,GA/BM,EAqCN;AACE,eAAW,sLADb;AAEE,UAAM,gDAFR;AAGE,UAAM,KAHR;AAIE,WAAO;AAJT,GArCM,EA2CN;AACE,eAAW,mLADb;AAEE,UAAM,4CAFR;AAGE,UAAM,SAHR;AAIE,WAAO;AAJT,GA3CM,CAAR;;AAmDA,QAAM,OAAN,CAAc,UAAC,IAAD,EAAO,CAAP,EAAa;AACzB,QAAI,CAAC,MAAM,OAAN,CAAc,EAAC,MAAM,KAAK,IAAZ,EAAd,CAAL,EAAuC;AACrC,YAAM,MAAN,CAAa,IAAb;AACD;AACF,GAJD;;AAMA,WAAS,CACP;AACE,UAAM,CADR;AAEE,cAAU,0EAFZ;AAGE,WAAO;AACL,WAAK,MAAM,OAAN,CAAc,EAAC,MAAM,gDAAP,EAAd,CADA;AAEL,mBAAa,MAAM,OAAN,CAAc,EAAC,MAAM,gDAAP,EAAd,CAFR;AAGL,cAAQ,MAAM,OAAN,CAAc,EAAC,MAAM,kDAAP,EAAd,CAHH;AAIL,eAAS,MAAM,OAAN,CAAc,EAAC,MAAM,0DAAP,EAAd,CAJJ;AAKL,cAAM,MAAM,OAAN,CAAc,EAAC,MAAM,0CAAP,EAAd,CALD;AAML,WAAK,MAAM,OAAN,CAAc,EAAC,MAAM,0CAAP,EAAd;AANA;AAHT,GADO,EAaP;AACE,UAAM,GADR;AAEE,cAAU,0EAFZ;AAGE,WAAO;AACL,WAAK,MAAM,OAAN,CAAc,EAAC,MAAM,gDAAP,EAAd,CADA;AAEL,mBAAa,MAAM,OAAN,CAAc,EAAC,MAAM,gDAAP,EAAd,CAFR;AAGL,cAAQ,MAAM,OAAN,CAAc,EAAC,MAAM,kDAAP,EAAd,CAHH;AAIL,eAAS,MAAM,OAAN,CAAc,EAAC,MAAM,4CAAP,EAAd,CAJJ;AAKL,cAAM,MAAM,OAAN,CAAc,EAAC,MAAM,0CAAP,EAAd,CALD;AAML,WAAK,MAAM,OAAN,CAAc,EAAC,MAAM,0CAAP,EAAd;AANA;AAHT,GAbO,CAAT;;AA2BA,SAAO,OAAP,CAAe,UAAC,KAAD,EAAQ,CAAR,EAAc;AAC3B,QAAI,CAAC,OAAO,OAAP,CAAe,EAAC,MAAM,MAAM,IAAb,EAAf,CAAL,EAAyC;AACvC,aAAO,MAAP,CAAc,KAAd;AACD;AACF,GAJD;AAKD,CA1FD","file":"/server/main.js.map","sourcesContent":["import { Meteor } from 'meteor/meteor';\n\nAccounts.onCreateUser(function(options, user) {\n  console.log('options', options);\n  console.log('user', user);\n  return user\n});\n\nMeteor.startup(() => {\n  parts = [\n    {\n      amazonUrl: 'https://www.amazon.com/Intel-BX80662G3900-Pentium-G3900-Processor/dp/B01B2PJRPA',\n      name: 'Intel Celeron G3900 2.8GHz Dual-Core Processor',\n      type: 'cpu',\n      price: 42.18\n    },\n    {\n      amazonUrl: 'https://www.amazon.com/M-2-LGA1151-MicroATX-Motherboard-Motherboards/dp/B01H5YC9BQ/ref=sr_1_1?ie=UTF8&qid=1477329759&sr=8-1&keywords=Asus+H110M-A%2FM.2+Micro+ATX+LGA1151+Motherboard',\n      name: 'Asus H110M-A/M.2 Micro ATX LGA1151 Motherboard',\n      type: 'motherboard',\n      price: 55.99\n    },\n    {\n      amazonUrl: 'https://www.amazon.com/G-SKILL-PC4-17000-2133MHz-Platform-F4-2133C15S-8GNT/dp/B015FY325A/ref=sr_1_fkmr0_1?ie=UTF8&qid=1477331123&sr=8-1-fkmr0&keywords=G.Skill+NT+Series+8GB+%281+x+8GB%29+DDR4-2400+Memory',\n      name: 'G.Skill NT Series 8GB (1 x 8GB) DDR4-2400 Memory',\n      type: 'memory',\n      price: 50.40\n    },\n    {\n      amazonUrl: 'https://www.amazon.com/Hitachi-Ultrastar-A7K1000-3-5-Inch-HUA721050KLA330/dp/B0013E3PEU',\n      name: 'Hitachi Ultrastar 500GB 3.5\" 7200RPM Internal Hard Drive',\n      type: 'storage',\n      price: 34.50\n    },\n    {\n      amazonUrl: 'https://www.amazon.com/Rosewill-MicroATX-Tower-Computer-FBM-02/dp/B009NJAE4Q/ref=sr_1_1?ie=UTF8&qid=1477330940&sr=8-1&keywords=Rosewill+FBM-02+MicroATX+Mini+Tower+Case',\n      name: 'Rosewill FBM-02 MicroATX Mini Tower Case',\n      type: 'case',\n      price: 29.01\n    },\n    {\n      amazonUrl: 'https://www.amazon.com/EVGA-WHITE-Warranty-Supply-100-W1-0430-KR/dp/B00H33SDR4/ref=sr_1_1?ie=UTF8&qid=1477331034&sr=8-1&keywords=EVGA+430W+80%2B+Certified+ATX+Power+Supply',\n      name: 'EVGA 430W 80+ Certified ATX Power Supply',\n      type: 'psu',\n      price: 29.85\n    },\n    {\n      amazonUrl: 'https://www.amazon.com/Intel-Pentium-Processor-FC-LGA14C-BX80662G4500/dp/B015VPX190/ref=sr_1_1?ie=UTF8&qid=1477332787&sr=8-1&keywords=Intel+Pentium+G4500+3.5GHz+Dual-Core+Processor',\n      name: 'Intel Pentium G4500 3.5GHz Dual-Core Processor',\n      type: 'cpu',\n      price: 76.40\n    },\n    {\n      amazonUrl: 'https://www.amazon.com/Toshiba-OCZ-Trion-Internal-TRN150-25SAT3-480G/dp/B01B4NUKME/ref=sr_1_1?ie=UTF8&qid=1477332835&sr=8-1&keywords=OCZ+TRION+150+480GB+2.5%22+Solid+State+Drive',\n      name: 'OCZ TRION 150 480GB 2.5\" Solid State Drive',\n      type: 'storage',\n      price: 114.68\n    }\n  ]\n\n  parts.forEach((part, i) => {\n    if (!Parts.findOne({name: part.name})) {\n      Parts.insert(part);\n    }\n  })\n\n  builds = [\n    {\n      cost: 0,\n      imageUrl: 'https://images-na.ssl-images-amazon.com/images/I/31y8B2r6IAL._SX300_.jpg',\n      parts: {\n        cpu: Parts.findOne({name: 'Intel Celeron G3900 2.8GHz Dual-Core Processor'}),\n        motherboard: Parts.findOne({name: 'Asus H110M-A/M.2 Micro ATX LGA1151 Motherboard'}),\n        memory: Parts.findOne({name: 'G.Skill NT Series 8GB (1 x 8GB) DDR4-2400 Memory'}),\n        storage: Parts.findOne({name: 'Hitachi Ultrastar 500GB 3.5\" 7200RPM Internal Hard Drive'}),\n        case: Parts.findOne({name: 'Rosewill FBM-02 MicroATX Mini Tower Case'}),\n        psu: Parts.findOne({name: 'EVGA 430W 80+ Certified ATX Power Supply'})\n      }\n    },\n    {\n      cost: 350,\n      imageUrl: 'https://images-na.ssl-images-amazon.com/images/I/31y8B2r6IAL._SX300_.jpg',\n      parts: {\n        cpu: Parts.findOne({name: 'Intel Pentium G4500 3.5GHz Dual-Core Processor'}),\n        motherboard: Parts.findOne({name: 'Asus H110M-A/M.2 Micro ATX LGA1151 Motherboard'}),\n        memory: Parts.findOne({name: 'G.Skill NT Series 8GB (1 x 8GB) DDR4-2400 Memory'}),\n        storage: Parts.findOne({name: 'OCZ TRION 150 480GB 2.5\" Solid State Drive'}),\n        case: Parts.findOne({name: 'Rosewill FBM-02 MicroATX Mini Tower Case'}),\n        psu: Parts.findOne({name: 'EVGA 430W 80+ Certified ATX Power Supply'})\n      }\n    },\n  ]\n\n  builds.forEach((build, i) => {\n    if (!Builds.findOne({cost: build.cost})) {\n      Builds.insert(build);\n    }\n  })\n});"]},"hash":"0311e97e6ef4b5dce5dee638f92d17ac3a3722ad"}
