{"metadata":{"usedHelpers":[],"marked":[],"modules":{"imports":[],"exports":{"exported":[],"specifiers":[]}}},"options":{"filename":"/lib/config/at_config.js","filenameRelative":"/lib/config/at_config.js","env":{},"retainLines":false,"highlightCode":true,"suppressDeprecationMessages":false,"presets":[],"plugins":[[[],{"polyfill":false}],[[],null],[[],null],[[],null],[[],null],[[],null],[[],null],[[],null],[[],null],[[],null],[[],null],[[],null],[[],null],[[],null],[[],{"loose":true}],[[],{"loose":true}],[[],null],[[],{"loose":true}],[[],null],[[],null],[[],null],[[],null],[[],null],[[],null],[[],null],[[],{"loose":true}],[[],null],[[],null],[[],null],[[],null],[[],null],[[],null],[[],null],[[],null]],"ignore":[],"code":true,"metadata":true,"ast":false,"comments":true,"compact":false,"minified":false,"sourceMap":true,"sourceMaps":true,"sourceMapTarget":"/lib/config/at_config.js.map","sourceFileName":"/lib/config/at_config.js","babelrc":false,"sourceType":"module","moduleIds":false,"passPerPreset":false,"basename":"at_config"},"ignored":false,"code":"AccountsTemplates.configure({\n  defaultState: \"signUp\",\n  focusFirstInput: true\n});","ast":null,"map":{"version":3,"sources":["/lib/config/at_config.js"],"names":[],"mappings":"AAAA,kBAAkB,SAAlB,CAA4B;AAC1B,gBAAc,QADY;AAE1B,mBAAiB;AAFS,CAA5B","file":"/lib/config/at_config.js.map","sourcesContent":["AccountsTemplates.configure({\n  defaultState: \"signUp\",\n  focusFirstInput: true\n});"]},"hash":"1ab86976201c81af05cf2c097a4a1ec40267368c"}
