{"metadata":{"usedHelpers":[],"marked":[],"modules":{"imports":[],"exports":{"exported":[],"specifiers":[]}}},"options":{"filename":"/client/controllers/register.js","filenameRelative":"/client/controllers/register.js","env":{},"retainLines":false,"highlightCode":true,"suppressDeprecationMessages":false,"presets":[],"plugins":[[[],{"polyfill":false}],[[],null],[[],null],[[],null],[[],null],[[],null],[[],null],[[],null],[[],null],[[],null],[[],null],[[],null],[[],null],[[],null],[[],null],[[],null],[[],{"loose":true}],[[],{"loose":true}],[[],null],[[],{"loose":true}],[[],null],[[],null],[[],null],[[],null],[[],null],[[],null],[[],null],[[],{"loose":true}],[[],null],[[],null],[[],null],[[],null],[[],null],[[],null],[[],null],[[],null]],"ignore":[],"code":true,"metadata":true,"ast":false,"comments":true,"compact":false,"minified":false,"sourceMap":true,"sourceMaps":true,"sourceMapTarget":"/client/controllers/register.js.map","sourceFileName":"/client/controllers/register.js","babelrc":false,"sourceType":"module","moduleIds":false,"passPerPreset":false,"basename":"register"},"ignored":false,"code":"Builds.find({}).remove();\nTemplate.select_build.helpers({\n  builds: function () {\n    function builds() {\n      return Builds.find({}).fetch();\n    }\n\n    return builds;\n  }()\n});\n\n// This is not how build selection will eventually work.\n// We'll use reactive variables when the builds are dynamic.\nTemplate.build.events({\n  'click .select': function () {\n    function clickSelect(e) {\n      $target = $(e.target);\n      $('.selected').removeClass('selected').addClass('tertiary');\n      $target.removeClass('tertiary').addClass('selected');\n    }\n\n    return clickSelect;\n  }()\n});\n\nTemplate.current_build.helpers({\n  builds: function () {\n    function builds() {\n      user = Accounts.user();\n      if (!user.build) {\n        user.build = Builds.findOne({})._id;\n      }\n      Accounts.users.insert(user);\n      console.log(user);\n      return Builds.find(user.build);\n    }\n\n    return builds;\n  }()\n});","ast":null,"map":{"version":3,"sources":["/client/controllers/register.js"],"names":[],"mappings":"AAAA,OAAO,IAAP,CAAY,EAAZ,EAAgB,MAAhB;AACA,SAAS,YAAT,CAAsB,OAAtB,CAA8B;AAC5B;AAAQ,sBAAM;AACZ,aAAO,OAAO,IAAP,CAAY,EAAZ,EAAgB,KAAhB,EAAP;AACD;;AAFD;AAAA;AAD4B,CAA9B;;;;AAQA,SAAS,KAAT,CAAe,MAAf,CAAsB;AACpB;AAAiB,yBAAC,CAAD,EAAO;AACtB,gBAAU,EAAE,EAAE,MAAJ,CAAV;AACA,QAAE,WAAF,EAAe,WAAf,CAA2B,UAA3B,EAAuC,QAAvC,CAAgD,UAAhD;AACA,cAAQ,WAAR,CAAoB,UAApB,EAAgC,QAAhC,CAAyC,UAAzC;AACD;;AAJD;AAAA;AADoB,CAAtB;;AAQA,SAAS,aAAT,CAAuB,OAAvB,CAA+B;AAC7B;AAAQ,sBAAW;AACjB,aAAO,SAAS,IAAT,EAAP;AACA,UAAI,CAAC,KAAK,KAAV,EAAiB;AACf,aAAK,KAAL,GAAa,OAAO,OAAP,CAAe,EAAf,EAAmB,GAAhC;AACD;AACD,eAAS,KAAT,CAAe,MAAf,CAAsB,IAAtB;AACA,cAAQ,GAAR,CAAY,IAAZ;AACA,aAAO,OAAO,IAAP,CAAY,KAAK,KAAjB,CAAP;AACD;;AARD;AAAA;AAD6B,CAA/B","file":"/client/controllers/register.js.map","sourcesContent":["Builds.find({}).remove()\nTemplate.select_build.helpers({\n  builds: () => {\n    return Builds.find({}).fetch()\n  }\n})\n\n// This is not how build selection will eventually work.\n// We'll use reactive variables when the builds are dynamic.\nTemplate.build.events({\n  'click .select': (e) => {\n    $target = $(e.target)\n    $('.selected').removeClass('selected').addClass('tertiary')\n    $target.removeClass('tertiary').addClass('selected');\n  }\n})\n\nTemplate.current_build.helpers({\n  builds: function() {\n    user = Accounts.user();\n    if (!user.build) {\n      user.build = Builds.findOne({})._id;\n    }\n    Accounts.users.insert(user);\n    console.log(user);\n    return Builds.find(user.build);\n  }\n})"]},"hash":"3d729196af59abc0d66c2b71c7306816d7fa9d13"}
