{"metadata":{"usedHelpers":[],"marked":[],"modules":{"imports":[],"exports":{"exported":[],"specifiers":[]}}},"options":{"filename":"/lib/router.js","filenameRelative":"/lib/router.js","env":{},"retainLines":false,"highlightCode":true,"suppressDeprecationMessages":false,"presets":[],"plugins":[[[],{"polyfill":false}],[[],null],[[],null],[[],null],[[],null],[[],null],[[],null],[[],null],[[],null],[[],null],[[],null],[[],null],[[],null],[[],null],[[],null],[[],null],[[],{"loose":true}],[[],{"loose":true}],[[],null],[[],{"loose":true}],[[],null],[[],null],[[],null],[[],null],[[],null],[[],null],[[],null],[[],{"loose":true}],[[],null],[[],null],[[],null],[[],null],[[],null],[[],null],[[],null],[[],null]],"ignore":[],"code":true,"metadata":true,"ast":false,"comments":true,"compact":false,"minified":false,"sourceMap":true,"sourceMaps":true,"sourceMapTarget":"/lib/router.js.map","sourceFileName":"/lib/router.js","babelrc":false,"sourceType":"module","moduleIds":false,"passPerPreset":false,"basename":"router"},"ignored":false,"code":"Router.route('/', function () {\n  this.render('home');\n});\n\nAccountsTemplates.configureRoute('signUp', {\n  name: 'signup',\n  path: '/signup',\n  template: 'register',\n  redirect: '/dashboard'\n});\n\n// This needs to be handled differently,\n// So that logged-in users arrive here\n// automatically. The solution will have\n// something to do with the AccountsTemplates\n// API, like the signup page.\nRouter.route('/dashboard', function () {\n  this.render('dashboard');\n});","ast":null,"map":{"version":3,"sources":["/lib/router.js"],"names":[],"mappings":"AAAA,OAAO,KAAP,CAAa,GAAb,EAAkB,YAAW;AAC3B,OAAK,MAAL,CAAY,MAAZ;AACD,CAFD;;AAIA,kBAAkB,cAAlB,CAAiC,QAAjC,EAA2C;AACzC,QAAM,QADmC;AAEzC,QAAM,SAFmC;AAGzC,YAAU,UAH+B;AAIzC,YAAU;AAJ+B,CAA3C;;;;;;;AAYA,OAAO,KAAP,CAAa,YAAb,EAA2B,YAAW;AACpC,OAAK,MAAL,CAAY,WAAZ;AACD,CAFD","file":"/lib/router.js.map","sourcesContent":["Router.route('/', function() {\n  this.render('home');\n});\n\nAccountsTemplates.configureRoute('signUp', {\n  name: 'signup',\n  path: '/signup',\n  template: 'register',\n  redirect: '/dashboard'\n})\n\n// This needs to be handled differently,\n// So that logged-in users arrive here\n// automatically. The solution will have\n// something to do with the AccountsTemplates\n// API, like the signup page.\nRouter.route('/dashboard', function() {\n  this.render('dashboard');\n});\n"]},"hash":"85990ded6dd1d3e1423187536855513d53200eea"}
