{"metadata":{"usedHelpers":[],"marked":[],"modules":{"imports":[],"exports":{"exported":[],"specifiers":[]}}},"options":{"filename":"/lib/collections/build.js","filenameRelative":"/lib/collections/build.js","env":{},"retainLines":false,"highlightCode":true,"suppressDeprecationMessages":false,"presets":[],"plugins":[[[],{"polyfill":false}],[[],null],[[],null],[[],null],[[],null],[[],null],[[],null],[[],null],[[],null],[[],null],[[],null],[[],null],[[],null],[[],null],[[],null],[[],null],[[],{"loose":true}],[[],{"loose":true}],[[],null],[[],{"loose":true}],[[],null],[[],null],[[],null],[[],null],[[],null],[[],null],[[],null],[[],{"loose":true}],[[],null],[[],null],[[],null],[[],null],[[],null],[[],null],[[],null],[[],null]],"ignore":[],"code":true,"metadata":true,"ast":false,"comments":true,"compact":false,"minified":false,"sourceMap":true,"sourceMaps":true,"sourceMapTarget":"/lib/collections/build.js.map","sourceFileName":"/lib/collections/build.js","babelrc":false,"sourceType":"module","moduleIds":false,"passPerPreset":false,"basename":"build"},"ignored":false,"code":"this.Builds = new Mongo.Collection('build');\n\nthis.Parts = new Mongo.Collection('part');","ast":null,"map":{"version":3,"sources":["/lib/collections/build.js"],"names":[],"mappings":"AAAA,KAAK,MAAL,GAAc,IAAI,MAAM,UAAV,CAAqB,OAArB,CAAd;;AAEA,KAAK,KAAL,GAAa,IAAI,MAAM,UAAV,CAAqB,MAArB,CAAb","file":"/lib/collections/build.js.map","sourcesContent":["this.Builds = new Mongo.Collection('build');\n\nthis.Parts = new Mongo.Collection('part');"]},"hash":"bbdbe5c782a7b8bcd28d9060afacba5dec6430a6"}
